rider,event,Finish_Pos,Qual_Pos,Inv_Qual_Pos,FrontRow,Start_Top10,Podium,Win,DNF,Grid_vs_Finish_Gap
A. Espargaro,QAT,3.0,2,0.5,1,1,1,0,0,1.0
A. Espargaro,POR,8.0,3,0.3333333333333333,1,1,0,0,0,5.0
A. Espargaro,AME,5.0,7,0.14285714285714285,0,1,0,0,0,-2.0
A. Espargaro,FRA,5.0,6,0.16666666666666666,0,1,0,0,0,-1.0
A. Espargaro,CAT,1.0,1,1.0,1,1,1,1,0,0.0
A. Espargaro,ITA,9.0,9,0.1111111111111111,0,1,0,0,0,0.0
A. Espargaro,GBR,3.0,1,1.0,1,1,1,0,0,2.0
A. Espargaro,AUT,3.0,4,0.25,0,1,1,0,0,-1.0
A. Espargaro,ARA,10.0,11,0.09090909090909091,0,0,0,0,0,-1.0
A. Espargaro,RSM,12.0,3,0.3333333333333333,1,1,0,0,0,9.0
A. Espargaro,EMI,8.0,11,0.09090909090909091,0,0,0,0,0,-3.0
A. Espargaro,INA,16.0,3,0.3333333333333333,1,1,0,0,0,13.0
A. Espargaro,JPN,9.0,5,0.2,0,1,0,0,0,4.0
A. Espargaro,AUS,8.0,10,0.1,0,1,0,0,0,-2.0
A. Espargaro,THA,9.0,4,0.25,0,1,0,0,0,5.0
A. Espargaro,MAL,12.0,6,0.16666666666666666,0,1,0,0,0,6.0
A. Espargaro,SLD,4.0,2,0.5,1,1,0,0,0,2.0
A. Fernandez,POR,11.0,8,0.125,0,1,0,0,0,3.0
A. Fernandez,AME,14.0,8,0.125,0,1,0,0,0,6.0
A. Fernandez,SPA,7.0,8,0.125,0,1,0,0,0,-1.0
A. Fernandez,FRA,13.0,10,0.1,0,1,0,0,0,3.0
A. Fernandez,CAT,17.0,9,0.1111111111111111,0,1,0,0,0,8.0
A. Fernandez,ITA,17.0,10,0.1,0,1,0,0,0,7.0
A. Fernandez,NED,14.0,12,0.08333333333333333,0,0,0,0,0,2.0
A. Fernandez,GER,16.0,5,0.2,0,1,0,0,0,11.0
A. Fernandez,GBR,13.0,7,0.14285714285714285,0,1,0,0,0,6.0
A. Fernandez,AUT,15.0,6,0.16666666666666666,0,1,0,0,0,9.0
A. Fernandez,ARA,12.0,9,0.1111111111111111,0,1,0,0,0,3.0
A. Fernandez,RSM,16.0,7,0.14285714285714285,0,1,0,0,0,9.0
A. Fernandez,EMI,18.0,8,0.125,0,1,0,0,0,10.0
A. Fernandez,JPN,15.0,8,0.125,0,1,0,0,0,7.0
A. Fernandez,AUS,9.0,7,0.14285714285714285,0,1,0,0,0,2.0
A. Fernandez,THA,16.0,6,0.16666666666666666,0,1,0,0,0,10.0
A. Fernandez,MAL,10.0,11,0.09090909090909091,0,0,0,0,0,-1.0
A. Fernandez,SLD,19.0,11,0.09090909090909091,0,0,0,0,0,8.0
A. Iannone,MAL,17.0,7,0.14285714285714285,0,1,0,0,0,10.0
A. Marquez,QAT,6.0,9,0.1111111111111111,0,1,0,0,0,-3.0
A. Marquez,POR,13.0,1,1.0,1,1,0,0,0,12.0
A. Marquez,AME,14.0,2,0.5,1,1,0,0,0,12.0
A. Marquez,SPA,4.0,6,0.16666666666666666,0,1,0,0,0,-2.0
A. Marquez,FRA,10.0,7,0.14285714285714285,0,1,0,0,0,3.0
A. Marquez,CAT,7.0,3,0.3333333333333333,1,1,0,0,0,4.0
A. Marquez,ITA,8.0,8,0.125,0,1,0,0,0,0.0
A. Marquez,NED,7.0,4,0.25,0,1,0,0,0,3.0
A. Marquez,GER,3.0,5,0.2,0,1,1,0,0,-2.0
A. Marquez,GBR,6.0,1,1.0,1,1,0,0,0,5.0
A. Marquez,AUT,10.0,11,0.09090909090909091,0,0,0,0,0,-1.0
A. Marquez,ARA,4.0,5,0.2,0,1,0,0,0,-1.0
A. Marquez,RSM,6.0,1,1.0,1,1,0,0,0,5.0
A. Marquez,EMI,9.0,11,0.09090909090909091,0,0,0,0,0,-2.0
A. Marquez,INA,14.0,4,0.25,0,1,0,0,0,10.0
A. Marquez,JPN,7.0,10,0.1,0,1,0,0,0,-3.0
A. Marquez,AUS,15.0,8,0.125,0,1,0,0,0,7.0
A. Marquez,THA,5.0,9,0.1111111111111111,0,1,0,0,0,-4.0
A. Marquez,MAL,4.0,3,0.3333333333333333,1,1,0,0,0,1.0
A. Marquez,SLD,4.0,11,0.09090909090909091,0,0,0,0,0,-7.0
A. Rins,POR,13.0,11,0.09090909090909091,0,0,0,0,0,2.0
A. Rins,AME,16.0,5,0.2,0,1,0,0,0,11.0
A. Rins,SPA,13.0,15,0.06666666666666667,0,0,0,0,0,-2.0
A. Rins,FRA,15.0,6,0.16666666666666666,0,1,0,0,0,9.0
A. Rins,CAT,12.0,8,0.125,0,1,0,0,0,4.0
A. Rins,ITA,13.0,10,0.1,0,1,0,0,0,3.0
A. Rins,NED,19.0,6,0.16666666666666666,0,1,0,0,0,13.0
A. Rins,AUT,16.0,11,0.09090909090909091,0,0,0,0,0,5.0
A. Rins,ARA,9.0,11,0.09090909090909091,0,0,0,0,0,-2.0
A. Rins,RSM,19.0,10,0.1,0,1,0,0,0,9.0
A. Rins,INA,11.0,5,0.2,0,1,0,0,0,6.0
A. Rins,JPN,16.0,9,0.1111111111111111,0,1,0,0,0,7.0
A. Rins,AUS,12.0,9,0.1111111111111111,0,1,0,0,0,3.0
A. Rins,THA,17.0,7,0.14285714285714285,0,1,0,0,0,10.0
A. Rins,MAL,8.0,9,0.1111111111111111,0,1,0,0,0,-1.0
A. Rins,SLD,16.0,5,0.2,0,1,0,0,0,11.0
B. Binder,QAT,2.0,4,0.25,0,1,1,0,0,-2.0
B. Binder,POR,4.0,10,0.1,0,1,0,0,0,-6.0
B. Binder,AME,9.0,7,0.14285714285714285,0,1,0,0,0,2.0
B. Binder,SPA,6.0,2,0.5,1,1,0,0,0,4.0
B. Binder,FRA,8.0,12,0.08333333333333333,0,0,0,0,0,-4.0
B. Binder,CAT,8.0,4,0.25,0,1,0,0,0,4.0
B. Binder,ITA,6.0,3,0.3333333333333333,1,1,0,0,0,3.0
B. Binder,NED,6.0,9,0.1111111111111111,0,1,0,0,0,-3.0
B. Binder,GER,8.0,11,0.09090909090909091,0,0,0,0,0,-3.0
B. Binder,GBR,4.0,6,0.16666666666666666,0,1,0,0,0,-2.0
B. Binder,AUT,5.0,12,0.08333333333333333,0,0,0,0,0,-7.0
B. Binder,ARA,4.0,1,1.0,1,1,0,0,0,3.0
B. Binder,RSM,4.0,2,0.5,1,1,0,0,0,2.0
B. Binder,EMI,6.0,1,1.0,1,1,0,0,0,5.0
B. Binder,INA,8.0,9,0.1111111111111111,0,1,0,0,0,-1.0
B. Binder,JPN,6.0,5,0.2,0,1,0,0,0,1.0
B. Binder,AUS,7.0,11,0.09090909090909091,0,0,0,0,0,-4.0
B. Binder,THA,6.0,3,0.3333333333333333,1,1,0,0,0,3.0
B. Binder,MAL,7.0,2,0.5,1,1,0,0,0,5.0
B. Binder,SLD,6.0,8,0.125,0,1,0,0,0,-2.0
D. Pedrosa,SPA,3.0,6,0.16666666666666666,0,1,1,0,0,-3.0
E. Bastianini,QAT,5.0,3,0.3333333333333333,1,1,0,0,0,2.0
E. Bastianini,POR,2.0,1,1.0,1,1,1,0,0,1.0
E. Bastianini,AME,3.0,5,0.2,0,1,1,0,0,-2.0
E. Bastianini,SPA,5.0,9,0.1111111111111111,0,1,0,0,0,-4.0
E. Bastianini,FRA,4.0,1,1.0,1,1,0,0,0,3.0
E. Bastianini,CAT,5.0,11,0.09090909090909091,0,0,0,0,0,-6.0
E. Bastianini,ITA,2.0,5,0.2,0,1,1,0,0,-3.0
E. Bastianini,NED,3.0,11,0.09090909090909091,0,0,1,0,0,-8.0
E. Bastianini,GER,4.0,9,0.1111111111111111,0,1,0,0,0,-5.0
E. Bastianini,GBR,1.0,3,0.3333333333333333,1,1,1,1,0,-2.0
E. Bastianini,AUT,3.0,7,0.14285714285714285,0,1,1,0,0,-4.0
E. Bastianini,ARA,5.0,4,0.25,0,1,0,0,0,1.0
E. Bastianini,RSM,3.0,8,0.125,0,1,1,0,0,-5.0
E. Bastianini,EMI,1.0,3,0.3333333333333333,1,1,1,1,0,-2.0
E. Bastianini,INA,2.0,5,0.2,0,1,1,0,0,-3.0
E. Bastianini,JPN,2.0,4,0.25,0,1,1,0,0,-2.0
E. Bastianini,AUS,3.0,2,0.5,1,1,1,0,0,1.0
E. Bastianini,THA,1.0,2,0.5,1,1,1,1,0,-1.0
E. Bastianini,MAL,3.0,6,0.16666666666666666,0,1,1,0,0,-3.0
E. Bastianini,SLD,2.0,8,0.125,0,1,1,0,0,-6.0
F. Bagnaia,QAT,1.0,5,0.2,0,1,1,1,0,-4.0
F. Bagnaia,POR,4.0,4,0.25,0,1,0,0,0,0.0
F. Bagnaia,AME,5.0,4,0.25,0,1,0,0,0,1.0
F. Bagnaia,SPA,1.0,7,0.14285714285714285,0,1,1,1,0,-6.0
F. Bagnaia,FRA,3.0,2,0.5,1,1,1,0,0,1.0
F. Bagnaia,CAT,1.0,2,0.5,1,1,1,1,0,-1.0
F. Bagnaia,ITA,1.0,2,0.5,1,1,1,1,0,-1.0
F. Bagnaia,NED,1.0,1,1.0,1,1,1,1,0,0.0
F. Bagnaia,GER,1.0,4,0.25,0,1,1,1,0,-3.0
F. Bagnaia,GBR,3.0,2,0.5,1,1,1,0,0,1.0
F. Bagnaia,AUT,1.0,2,0.5,1,1,1,1,0,-1.0
F. Bagnaia,ARA,9.0,3,0.3333333333333333,1,1,0,0,0,6.0
F. Bagnaia,RSM,2.0,1,1.0,1,1,1,0,0,1.0
F. Bagnaia,EMI,1.0,1,1.0,1,1,1,1,0,0.0
F. Bagnaia,INA,1.0,4,0.25,0,1,1,1,0,-3.0
F. Bagnaia,JPN,1.0,2,0.5,1,1,1,1,0,-1.0
F. Bagnaia,AUS,3.0,5,0.2,0,1,1,0,0,-2.0
F. Bagnaia,THA,1.0,1,1.0,1,1,1,1,0,0.0
F. Bagnaia,MAL,1.0,1,1.0,1,1,1,1,0,0.0
F. Bagnaia,SLD,1.0,1,1.0,1,1,1,1,0,0.0
F. Di Giannantonio,QAT,7.0,7,0.14285714285714285,0,1,0,0,0,0.0
F. Di Giannantonio,POR,10.0,4,0.25,0,1,0,0,0,6.0
F. Di Giannantonio,AME,6.0,8,0.125,0,1,0,0,0,-2.0
F. Di Giannantonio,SPA,7.0,5,0.2,0,1,0,0,0,2.0
F. Di Giannantonio,FRA,6.0,4,0.25,0,1,0,0,0,2.0
F. Di Giannantonio,CAT,5.0,1,1.0,1,1,0,0,0,4.0
F. Di Giannantonio,ITA,7.0,4,0.25,0,1,0,0,0,3.0
F. Di Giannantonio,NED,4.0,2,0.5,1,1,0,0,0,2.0
F. Di Giannantonio,GER,12.0,8,0.125,0,1,0,0,0,4.0
F. Di Giannantonio,GBR,5.0,10,0.1,0,1,0,0,0,-5.0
F. Di Giannantonio,ARA,8.0,6,0.16666666666666666,0,1,0,0,0,2.0
F. Di Giannantonio,RSM,9.0,4,0.25,0,1,0,0,0,5.0
F. Di Giannantonio,EMI,14.0,3,0.3333333333333333,1,1,0,0,0,11.0
F. Di Giannantonio,INA,9.0,8,0.125,0,1,0,0,0,1.0
F. Di Giannantonio,JPN,6.0,7,0.14285714285714285,0,1,0,0,0,-1.0
F. Di Giannantonio,AUS,4.0,12,0.08333333333333333,0,0,0,0,0,-8.0
F. Di Giannantonio,THA,4.0,2,0.5,1,1,0,0,0,2.0
F. Morbidelli,POR,16.0,7,0.14285714285714285,0,1,0,0,0,9.0
F. Morbidelli,AME,10.0,9,0.1111111111111111,0,1,0,0,0,1.0
F. Morbidelli,SPA,4.0,1,1.0,1,1,0,0,0,3.0
F. Morbidelli,FRA,7.0,9,0.1111111111111111,0,1,0,0,0,-2.0
F. Morbidelli,CAT,11.0,10,0.1,0,1,0,0,0,1.0
F. Morbidelli,ITA,4.0,1,1.0,1,1,0,0,0,3.0
F. Morbidelli,NED,9.0,8,0.125,0,1,0,0,0,1.0
F. Morbidelli,GER,5.0,6,0.16666666666666666,0,1,0,0,0,-1.0
F. Morbidelli,GBR,10.0,3,0.3333333333333333,1,1,0,0,0,7.0
F. Morbidelli,AUT,6.0,8,0.125,0,1,0,0,0,-2.0
F. Morbidelli,ARA,6.0,6,0.16666666666666666,0,1,0,0,0,0.0
F. Morbidelli,RSM,3.0,2,0.5,1,1,1,0,0,1.0
F. Morbidelli,EMI,5.0,10,0.1,0,1,0,0,0,-5.0
F. Morbidelli,INA,4.0,9,0.1111111111111111,0,1,0,0,0,-5.0
F. Morbidelli,JPN,5.0,1,1.0,1,1,0,0,0,4.0
F. Morbidelli,AUS,5.0,7,0.14285714285714285,0,1,0,0,0,-2.0
F. Morbidelli,THA,6.0,11,0.09090909090909091,0,0,0,0,0,-5.0
F. Morbidelli,MAL,6.0,4,0.25,0,1,0,0,0,2.0
F. Morbidelli,SLD,6.0,1,1.0,1,1,0,0,0,5.0
F. Quartararo,POR,7.0,9,0.1111111111111111,0,1,0,0,0,-2.0
F. Quartararo,AME,12.0,6,0.16666666666666666,0,1,0,0,0,6.0
F. Quartararo,SPA,5.0,13,0.07692307692307693,0,0,0,0,0,-8.0
F. Quartararo,FRA,10.0,8,0.125,0,1,0,0,0,2.0
F. Quartararo,CAT,9.0,7,0.14285714285714285,0,1,0,0,0,2.0
F. Quartararo,ITA,18.0,5,0.2,0,1,0,0,0,13.0
F. Quartararo,NED,7.0,3,0.3333333333333333,1,1,0,0,0,4.0
F. Quartararo,GER,11.0,4,0.25,0,1,0,0,0,7.0
F. Quartararo,GBR,11.0,8,0.125,0,1,0,0,0,3.0
F. Quartararo,AUT,12.0,5,0.2,0,1,0,0,0,7.0
F. Quartararo,ARA,8.0,7,0.14285714285714285,0,1,0,0,0,1.0
F. Quartararo,RSM,7.0,10,0.1,0,1,0,0,0,-3.0
F. Quartararo,EMI,7.0,9,0.1111111111111111,0,1,0,0,0,-2.0
F. Quartararo,INA,7.0,6,0.16666666666666666,0,1,0,0,0,1.0
F. Quartararo,JPN,12.0,2,0.5,1,1,0,0,0,10.0
F. Quartararo,AUS,9.0,9,0.1111111111111111,0,1,0,0,0,0.0
F. Quartararo,THA,10.0,1,1.0,1,1,0,0,0,9.0
F. Quartararo,MAL,5.0,8,0.125,0,1,0,0,0,-3.0
F. Quartararo,SLD,10.0,2,0.5,1,1,0,0,0,8.0
J. Martin,QAT,1.0,1,1.0,1,1,1,1,0,0.0
J. Martin,POR,1.0,3,0.3333333333333333,1,1,1,1,0,-2.0
J. Martin,AME,3.0,6,0.16666666666666666,0,1,1,0,0,-3.0
J. Martin,SPA,1.0,3,0.3333333333333333,1,1,1,1,0,-2.0
J. Martin,FRA,1.0,1,1.0,1,1,1,1,0,0.0
J. Martin,CAT,2.0,7,0.14285714285714285,0,1,1,0,0,-5.0
J. Martin,ITA,3.0,1,1.0,1,1,1,0,0,2.0
J. Martin,NED,2.0,2,0.5,1,1,1,0,0,0.0
J. Martin,GER,1.0,1,1.0,1,1,1,1,0,0.0
J. Martin,GBR,2.0,4,0.25,0,1,1,0,0,-2.0
J. Martin,AUT,2.0,1,1.0,1,1,1,0,0,1.0
J. Martin,ARA,2.0,4,0.25,0,1,1,0,0,-2.0
J. Martin,RSM,1.0,4,0.25,0,1,1,1,0,-3.0
J. Martin,EMI,2.0,2,0.5,1,1,1,0,0,0.0
J. Martin,INA,1.0,1,1.0,1,1,1,1,0,0.0
J. Martin,JPN,2.0,11,0.09090909090909091,0,0,1,0,0,-9.0
J. Martin,AUS,1.0,1,1.0,1,1,1,1,0,0.0
J. Martin,THA,2.0,3,0.3333333333333333,1,1,1,0,0,-1.0
J. Martin,MAL,1.0,2,0.5,1,1,1,1,0,-1.0
J. Martin,SLD,3.0,4,0.25,0,1,1,0,0,-1.0
J. Miller,QAT,10.0,11,0.09090909090909091,0,0,0,0,0,-1.0
J. Miller,POR,5.0,5,0.2,0,1,0,0,0,0.0
J. Miller,AME,7.0,1,1.0,1,1,0,0,0,6.0
J. Miller,SPA,14.0,5,0.2,0,1,0,0,0,9.0
J. Miller,FRA,8.0,11,0.09090909090909091,0,0,0,0,0,-3.0
J. Miller,CAT,7.0,9,0.1111111111111111,0,1,0,0,0,-2.0
J. Miller,ITA,12.0,9,0.1111111111111111,0,1,0,0,0,3.0
J. Miller,NED,11.0,4,0.25,0,1,0,0,0,7.0
J. Miller,GER,11.0,6,0.16666666666666666,0,1,0,0,0,5.0
J. Miller,GBR,7.0,11,0.09090909090909091,0,0,0,0,0,-4.0
J. Miller,AUT,5.0,1,1.0,1,1,0,0,0,4.0
J. Miller,ARA,13.0,5,0.2,0,1,0,0,0,8.0
J. Miller,RSM,8.0,12,0.08333333333333333,0,0,0,0,0,-4.0
J. Miller,EMI,14.0,9,0.1111111111111111,0,1,0,0,0,5.0
J. Miller,INA,11.0,6,0.16666666666666666,0,1,0,0,0,5.0
J. Miller,JPN,8.0,4,0.25,0,1,0,0,0,4.0
J. Miller,AUS,11.0,6,0.16666666666666666,0,1,0,0,0,5.0
J. Miller,THA,5.0,5,0.2,0,1,0,0,0,0.0
J. Miller,MAL,8.0,7,0.14285714285714285,0,1,0,0,0,1.0
J. Miller,SLD,13.0,9,0.1111111111111111,0,1,0,0,0,4.0
J. Mir,POR,12.0,10,0.1,0,1,0,0,0,2.0
J. Mir,SPA,9.0,10,0.1,0,1,0,0,0,-1.0
J. Mir,CAT,15.0,11,0.09090909090909091,0,0,0,0,0,4.0
J. Mir,NED,14.0,10,0.1,0,1,0,0,0,4.0
J. Mir,GER,18.0,10,0.1,0,1,0,0,0,8.0
J. Mir,GBR,16.0,10,0.1,0,1,0,0,0,6.0
J. Mir,AUT,17.0,9,0.1111111111111111,0,1,0,0,0,8.0
J. Mir,ARA,14.0,12,0.08333333333333333,0,0,0,0,0,2.0
J. Mir,EMI,11.0,6,0.16666666666666666,0,1,0,0,0,5.0
J. Mir,AUS,13.0,8,0.125,0,1,0,0,0,5.0
J. Mir,THA,13.0,9,0.1111111111111111,0,1,0,0,0,4.0
J. Mir,MAL,16.0,10,0.1,0,1,0,0,0,6.0
J. Mir,SLD,13.0,3,0.3333333333333333,1,1,0,0,0,10.0
J. Zarco,POR,15.0,9,0.1111111111111111,0,1,0,0,0,6.0
J. Zarco,SPA,11.0,3,0.3333333333333333,1,1,0,0,0,8.0
J. Zarco,FRA,12.0,5,0.2,0,1,0,0,0,7.0
J. Zarco,CAT,16.0,8,0.125,0,1,0,0,0,8.0
J. Zarco,ITA,15.0,8,0.125,0,1,0,0,0,7.0
J. Zarco,NED,13.0,9,0.1111111111111111,0,1,0,0,0,4.0
J. Zarco,GER,17.0,9,0.1111111111111111,0,1,0,0,0,8.0
J. Zarco,GBR,14.0,6,0.16666666666666666,0,1,0,0,0,8.0
J. Zarco,AUT,15.0,7,0.14285714285714285,0,1,0,0,0,8.0
J. Zarco,ARA,13.0,10,0.1,0,1,0,0,0,3.0
J. Zarco,RSM,12.0,6,0.16666666666666666,0,1,0,0,0,6.0
J. Zarco,EMI,15.0,7,0.14285714285714285,0,1,0,0,0,8.0
J. Zarco,INA,8.0,1,1.0,1,1,0,0,0,7.0
J. Zarco,JPN,11.0,6,0.16666666666666666,0,1,0,0,0,5.0
J. Zarco,AUS,12.0,4,0.25,0,1,0,0,0,8.0
J. Zarco,THA,8.0,12,0.08333333333333333,0,0,0,0,0,-4.0
J. Zarco,MAL,11.0,1,1.0,1,1,0,0,0,10.0
J. Zarco,SLD,11.0,12,0.08333333333333333,0,0,0,0,0,-1.0
L. Marini,POR,17.0,12,0.08333333333333333,0,0,0,0,0,5.0
L. Marini,AME,16.0,12,0.08333333333333333,0,0,0,0,0,4.0
L. Marini,SPA,17.0,12,0.08333333333333333,0,0,0,0,0,5.0
L. Marini,FRA,16.0,11,0.09090909090909091,0,0,0,0,0,5.0
L. Marini,CAT,16.0,12,0.08333333333333333,0,0,0,0,0,4.0
L. Marini,ITA,19.0,14,0.07142857142857142,0,0,0,0,0,5.0
L. Marini,NED,17.0,11,0.09090909090909091,0,0,0,0,0,6.0
L. Marini,GER,15.0,8,0.125,0,1,0,0,0,7.0
L. Marini,GBR,15.0,9,0.1111111111111111,0,1,0,0,0,6.0
L. Marini,AUT,17.0,8,0.125,0,1,0,0,0,9.0
L. Marini,ARA,16.0,10,0.1,0,1,0,0,0,6.0
L. Marini,RSM,18.0,11,0.09090909090909091,0,0,0,0,0,7.0
L. Marini,EMI,12.0,5,0.2,0,1,0,0,0,7.0
L. Marini,INA,18.0,7,0.14285714285714285,0,1,0,0,0,11.0
L. Marini,JPN,13.0,10,0.1,0,1,0,0,0,3.0
L. Marini,AUS,10.0,3,0.3333333333333333,1,1,0,0,0,7.0
L. Marini,THA,12.0,11,0.09090909090909091,0,0,0,0,0,1.0
L. Marini,MAL,15.0,9,0.1111111111111111,0,1,0,0,0,6.0
L. Marini,SLD,15.0,6,0.16666666666666666,0,1,0,0,0,9.0
L. Savadori,SPA,16.0,11,0.09090909090909091,0,0,0,0,0,5.0
L. Savadori,ITA,18.0,12,0.08333333333333333,0,0,0,0,0,6.0
L. Savadori,AUT,18.0,14,0.07142857142857142,0,0,0,0,0,4.0
L. Savadori,JPN,17.0,12,0.08333333333333333,0,0,0,0,0,5.0
L. Savadori,AUS,15.0,12,0.08333333333333333,0,0,0,0,0,3.0
L. Savadori,THA,21.0,12,0.08333333333333333,0,0,0,0,0,9.0
L. Savadori,MAL,18.0,12,0.08333333333333333,0,0,0,0,0,6.0
M. Bezzecchi,POR,6.0,6,0.16666666666666666,0,1,0,0,0,0.0
M. Bezzecchi,AME,8.0,10,0.1,0,1,0,0,0,-2.0
M. Bezzecchi,SPA,3.0,2,0.5,1,1,1,0,0,1.0
M. Bezzecchi,CAT,9.0,6,0.16666666666666666,0,1,0,0,0,3.0
M. Bezzecchi,ITA,11.0,6,0.16666666666666666,0,1,0,0,0,5.0
M. Bezzecchi,NED,11.0,5,0.2,0,1,0,0,0,6.0
M. Bezzecchi,GER,8.0,2,0.5,1,1,0,0,0,6.0
M. Bezzecchi,GBR,8.0,12,0.08333333333333333,0,0,0,0,0,-4.0
M. Bezzecchi,AUT,6.0,9,0.1111111111111111,0,1,0,0,0,-3.0
M. Bezzecchi,ARA,7.0,3,0.3333333333333333,1,1,0,0,0,4.0
M. Bezzecchi,RSM,5.0,3,0.3333333333333333,1,1,0,0,0,2.0
M. Bezzecchi,EMI,4.0,6,0.16666666666666666,0,1,0,0,0,-2.0
M. Bezzecchi,INA,4.0,2,0.5,1,1,0,0,0,2.0
M. Bezzecchi,JPN,7.0,8,0.125,0,1,0,0,0,-1.0
M. Bezzecchi,AUS,19.0,4,0.25,0,1,0,0,0,15.0
M. Bezzecchi,THA,7.0,4,0.25,0,1,0,0,0,3.0
M. Bezzecchi,MAL,9.0,4,0.25,0,1,0,0,0,5.0
M. Bezzecchi,SLD,8.0,9,0.1111111111111111,0,1,0,0,0,-1.0
M. Marquez,QAT,4.0,6,0.16666666666666666,0,1,0,0,0,-2.0
M. Marquez,POR,2.0,8,0.125,0,1,1,0,0,-6.0
M. Marquez,AME,2.0,3,0.3333333333333333,1,1,1,0,0,-1.0
M. Marquez,SPA,2.0,1,1.0,1,1,1,0,0,1.0
M. Marquez,FRA,2.0,3,0.3333333333333333,1,1,1,0,0,-1.0
M. Marquez,CAT,2.0,4,0.25,0,1,1,0,0,-2.0
M. Marquez,ITA,2.0,4,0.25,0,1,1,0,0,-2.0
M. Marquez,NED,10.0,7,0.14285714285714285,0,1,0,0,0,3.0
M. Marquez,GER,2.0,3,0.3333333333333333,1,1,1,0,0,-1.0
M. Marquez,GBR,4.0,7,0.14285714285714285,0,1,0,0,0,-3.0
M. Marquez,AUT,4.0,3,0.3333333333333333,1,1,0,0,0,1.0
M. Marquez,ARA,1.0,1,1.0,1,1,1,1,0,0.0
M. Marquez,RSM,1.0,9,0.1111111111111111,0,1,1,1,0,-8.0
M. Marquez,EMI,3.0,7,0.14285714285714285,0,1,1,0,0,-4.0
M. Marquez,INA,3.0,12,0.08333333333333333,0,0,1,0,0,-9.0
M. Marquez,JPN,3.0,9,0.1111111111111111,0,1,1,0,0,-6.0
M. Marquez,AUS,1.0,2,0.5,1,1,1,1,0,-1.0
M. Marquez,THA,4.0,5,0.2,0,1,0,0,0,-1.0
M. Marquez,MAL,2.0,5,0.2,0,1,1,0,0,-3.0
M. Marquez,SLD,2.0,3,0.3333333333333333,1,1,1,0,0,-1.0
M. Oliveira,POR,9.0,5,0.2,0,1,0,0,0,4.0
M. Oliveira,AME,11.0,4,0.25,0,1,0,0,0,7.0
M. Oliveira,SPA,8.0,4,0.25,0,1,0,0,0,4.0
M. Oliveira,FRA,11.0,2,0.5,1,1,0,0,0,9.0
M. Oliveira,CAT,10.0,5,0.2,0,1,0,0,0,5.0
M. Oliveira,ITA,14.0,11,0.09090909090909091,0,0,0,0,0,3.0
M. Oliveira,NED,12.0,7,0.14285714285714285,0,1,0,0,0,5.0
M. Oliveira,GER,2.0,2,0.5,1,1,1,0,0,0.0
M. Oliveira,GBR,10.0,5,0.2,0,1,0,0,0,5.0
M. Oliveira,AUT,12.0,3,0.3333333333333333,1,1,0,0,0,9.0
M. Oliveira,ARA,5.0,8,0.125,0,1,0,0,0,-3.0
M. Oliveira,RSM,11.0,8,0.125,0,1,0,0,0,3.0
M. Oliveira,EMI,10.0,2,0.5,1,1,0,0,0,8.0
M. Oliveira,SLD,12.0,4,0.25,0,1,0,0,0,8.0
M. Pirro,SLD,20.0,12,0.08333333333333333,0,0,0,0,0,8.0
M. Viñales,QAT,9.0,10,0.1,0,1,0,0,0,-1.0
M. Viñales,POR,1.0,2,0.5,1,1,1,1,0,-1.0
M. Viñales,AME,1.0,1,1.0,1,1,1,1,0,0.0
M. Viñales,SPA,9.0,11,0.09090909090909091,0,0,0,0,0,-2.0
M. Viñales,FRA,3.0,3,0.3333333333333333,1,1,1,0,0,0.0
M. Viñales,CAT,8.0,12,0.08333333333333333,0,0,0,0,0,-4.0
M. Viñales,ITA,5.0,3,0.3333333333333333,1,1,0,0,0,2.0
M. Viñales,NED,3.0,3,0.3333333333333333,1,1,1,0,0,0.0
M. Viñales,GER,7.0,7,0.14285714285714285,0,1,0,0,0,0.0
M. Viñales,GBR,8.0,8,0.125,0,1,0,0,0,0.0
M. Viñales,AUT,7.0,6,0.16666666666666666,0,1,0,0,0,1.0
M. Viñales,ARA,19.0,12,0.08333333333333333,0,0,0,0,0,7.0
M. Viñales,RSM,11.0,11,0.09090909090909091,0,0,0,0,0,0.0
M. Viñales,EMI,6.0,8,0.125,0,1,0,0,0,-2.0
M. Viñales,INA,6.0,10,0.1,0,1,0,0,0,-4.0
M. Viñales,JPN,9.0,3,0.3333333333333333,1,1,0,0,0,6.0
M. Viñales,AUS,8.0,3,0.3333333333333333,1,1,0,0,0,5.0
M. Viñales,THA,7.0,10,0.1,0,1,0,0,0,-3.0
M. Viñales,MAL,7.0,12,0.08333333333333333,0,0,0,0,0,-5.0
M. Viñales,SLD,12.0,7,0.14285714285714285,0,1,0,0,0,5.0
P. Acosta,QAT,8.0,8,0.125,0,1,0,0,0,0.0
P. Acosta,POR,3.0,2,0.5,1,1,1,0,0,1.0
P. Acosta,AME,2.0,2,0.5,1,1,1,0,0,0.0
P. Acosta,SPA,2.0,10,0.1,0,1,1,0,0,-8.0
P. Acosta,FRA,6.0,7,0.14285714285714285,0,1,0,0,0,-1.0
P. Acosta,CAT,3.0,5,0.2,0,1,1,0,0,-2.0
P. Acosta,ITA,3.0,7,0.14285714285714285,0,1,1,0,0,-4.0
P. Acosta,NED,10.0,1,1.0,1,1,0,0,0,9.0
P. Acosta,GER,7.0,10,0.1,0,1,0,0,0,-3.0
P. Acosta,GBR,5.0,2,0.5,1,1,0,0,0,3.0
P. Acosta,AUT,10.0,4,0.25,0,1,0,0,0,6.0
P. Acosta,ARA,3.0,2,0.5,1,1,1,0,0,1.0
P. Acosta,RSM,6.0,5,0.2,0,1,0,0,0,1.0
P. Acosta,EMI,5.0,5,0.2,0,1,0,0,0,0.0
P. Acosta,INA,2.0,3,0.3333333333333333,1,1,1,0,0,-1.0
P. Acosta,THA,3.0,7,0.14285714285714285,0,1,1,0,0,-4.0
P. Acosta,MAL,5.0,3,0.3333333333333333,1,1,0,0,0,2.0
P. Acosta,SLD,10.0,6,0.16666666666666666,0,1,0,0,0,4.0
P. Espargaro,ITA,14.0,11,0.09090909090909091,0,0,0,0,0,3.0
P. Espargaro,AUT,9.0,2,0.5,1,1,0,0,0,7.0
P. Espargaro,RSM,10.0,5,0.2,0,1,0,0,0,5.0
R. Fernandez,QAT,14.0,12,0.08333333333333333,0,0,0,0,0,2.0
R. Fernandez,POR,10.0,6,0.16666666666666666,0,1,0,0,0,4.0
R. Fernandez,AME,9.0,3,0.3333333333333333,1,1,0,0,0,6.0
R. Fernandez,SPA,11.0,7,0.14285714285714285,0,1,0,0,0,4.0
R. Fernandez,FRA,9.0,4,0.25,0,1,0,0,0,5.0
R. Fernandez,CAT,6.0,2,0.5,1,1,0,0,0,4.0
R. Fernandez,ITA,10.0,2,0.5,1,1,0,0,0,8.0
R. Fernandez,NED,8.0,12,0.08333333333333333,0,0,0,0,0,-4.0
R. Fernandez,GER,10.0,1,1.0,1,1,0,0,0,9.0
R. Fernandez,GBR,12.0,4,0.25,0,1,0,0,0,8.0
R. Fernandez,AUT,14.0,10,0.1,0,1,0,0,0,4.0
R. Fernandez,ARA,11.0,9,0.1111111111111111,0,1,0,0,0,2.0
R. Fernandez,RSM,17.0,9,0.1111111111111111,0,1,0,0,0,8.0
R. Fernandez,EMI,13.0,4,0.25,0,1,0,0,0,9.0
R. Fernandez,INA,10.0,2,0.5,1,1,0,0,0,8.0
R. Fernandez,JPN,11.0,3,0.3333333333333333,1,1,0,0,0,8.0
R. Fernandez,AUS,6.0,1,1.0,1,1,0,0,0,5.0
R. Fernandez,THA,14.0,10,0.1,0,1,0,0,0,4.0
R. Fernandez,MAL,16.0,5,0.2,0,1,0,0,0,11.0
R. Fernandez,SLD,14.0,7,0.14285714285714285,0,1,0,0,0,7.0
R. Gardner,GER,19.0,12,0.08333333333333333,0,0,0,0,0,7.0
R. Gardner,GBR,18.0,12,0.08333333333333333,0,0,0,0,0,6.0
R. Gardner,JPN,17.0,13,0.07692307692307693,0,0,0,0,0,4.0
S. Bradl,SPA,16.0,9,0.1111111111111111,0,1,0,0,0,7.0
S. Bradl,CAT,18.0,13,0.07692307692307693,0,0,0,0,0,5.0
S. Bradl,GER,19.0,11,0.09090909090909091,0,0,0,0,0,8.0
S. Bradl,AUT,22.0,13,0.07692307692307693,0,0,0,0,0,9.0
S. Bradl,RSM,14.0,13,0.07692307692307693,0,0,0,0,0,1.0
S. Bradl,SLD,22.0,13,0.07692307692307693,0,0,0,0,0,9.0
T. Nakagami,POR,14.0,11,0.09090909090909091,0,0,0,0,0,3.0
T. Nakagami,SPA,10.0,14,0.07142857142857142,0,0,0,0,0,-4.0
T. Nakagami,FRA,14.0,9,0.1111111111111111,0,1,0,0,0,5.0
T. Nakagami,CAT,13.0,10,0.1,0,1,0,0,0,3.0
T. Nakagami,ITA,16.0,13,0.07692307692307693,0,0,0,0,0,3.0
T. Nakagami,NED,16.0,13,0.07692307692307693,0,0,0,0,0,3.0
T. Nakagami,GER,14.0,7,0.14285714285714285,0,1,0,0,0,7.0
T. Nakagami,GBR,15.0,11,0.09090909090909091,0,0,0,0,0,4.0
T. Nakagami,AUT,14.0,12,0.08333333333333333,0,0,0,0,0,2.0
T. Nakagami,ARA,11.0,8,0.125,0,1,0,0,0,3.0
T. Nakagami,RSM,13.0,12,0.08333333333333333,0,0,0,0,0,1.0
T. Nakagami,EMI,17.0,10,0.1,0,1,0,0,0,7.0
T. Nakagami,INA,12.0,8,0.125,0,1,0,0,0,4.0
T. Nakagami,JPN,13.0,11,0.09090909090909091,0,0,0,0,0,2.0
T. Nakagami,AUS,14.0,11,0.09090909090909091,0,0,0,0,0,3.0
T. Nakagami,THA,13.0,8,0.125,0,1,0,0,0,5.0
T. Nakagami,MAL,17.0,8,0.125,0,1,0,0,0,9.0
T. Nakagami,SLD,17.0,10,0.1,0,1,0,0,0,7.0
